{
  "AWSEBDockerrunVersion": 2,
  "containerDefinitions": [
    {
      "name": "api",
      "image": "jeffreyyang0/vintage_blackjack:api",
      "hostname": "client",
      "essential": true,
      "memory": 128
    },
    {
      "name": "front",
      "image": "jeffreyyang0/vintage_blackjack:front",
      "hostname": "front",
      "essential": true,
      "memory": 128
    },
    {
      "name": "nginx",
      "image": "jeffreyyang0/vintage_blackjack:nginx",
      "hostname": "nginx",
      "essential": true,
      "portMappings": [
        {
          "hostPort": 80,
          "containerPort": 80
        }
      ],
      "links": ["front", "api"],
      "memory": 128
    }
  ]
}
