{"deck":{"cards":[{"num":1,"suit":"Clubs"},{"num":2,"suit":"Clubs"},{"num":3,"suit":"Clubs"},{"num":4,"suit":"Clubs"},{"num":5,"suit":"Clubs"},{"num":6,"suit":"Clubs"},{"num":7,"suit":"Clubs"},{"num":8,"suit":"Clubs"},{"num":9,"suit":"Clubs"},{"num":10,"suit":"Clubs"},{"num":11,"suit":"Clubs"},{"num":12,"suit":"Clubs"},{"num":13,"suit":"Clubs"},{"num":1,"suit":"Spades"},{"num":2,"suit":"Spades"},{"num":3,"suit":"Spades"},{"num":4,"suit":"Spades"},{"num":5,"suit":"Spades"},{"num":6,"suit":"Spades"},{"num":7,"suit":"Spades"},{"num":8,"suit":"Spades"},{"num":9,"suit":"Spades"},{"num":10,"suit":"Spades"},{"num":11,"suit":"Spades"},{"num":12,"suit":"Spades"},{"num":13,"suit":"Spades"},{"num":1,"suit":"Diamonds"},{"num":2,"suit":"Diamonds"},{"num":3,"suit":"Diamonds"},{"num":4,"suit":"Diamonds"},{"num":5,"suit":"Diamonds"},{"num":6,"suit":"Diamonds"},{"num":7,"suit":"Diamonds"},{"num":8,"suit":"Diamonds"},{"num":9,"suit":"Diamonds"},{"num":10,"suit":"Diamonds"},{"num":11,"suit":"Diamonds"},{"num":12,"suit":"Diamonds"},{"num":13,"suit":"Diamonds"},{"num":1,"suit":"Hearts"},{"num":2,"suit":"Hearts"},{"num":3,"suit":"Hearts"},{"num":4,"suit":"Hearts"},{"num":5,"suit":"Hearts"},{"num":6,"suit":"Hearts"},{"num":7,"suit":"Hearts"}]},"numPlayers":2,"dealerHand":{"cards":[{"num":13,"suit":"Hearts"},{"num":420,"suit":"hidden"}]},"revealing":false,"players":[{"hand":{"cards":[{"num":11,"suit":"Hearts"},{"num":10,"suit":"Hearts"}]},"money":100,"name":"jeff"},{"hand":{"cards":[{"num":9,"suit":"Hearts"},{"num":8,"suit":"Hearts"}]},"money":100,"name":"steven"}]}
